{
  "rmse_scores": [
    3760.8277187583353,
    3420.313091887879,
    3478.018038580526,
    4052.5712055405547,
    4001.186553933809
  ],
  "average_rmse": 3742.5833217402205
}